"ID","Species.orig","Latitude","Longitude","Location","Species"
"J293","Eucalyptus albens",-30.8942,150.66708,"Keepit, Old Menedebri Rd","Eucalyptus albens"
"J294","Eucalyptus albens",-30.8942,150.66708,"Keepit, Old Menedebri Rd","Eucalyptus albens"
"J295","Eucalyptus albens",-30.89198,150.6728,"Keepit, Somerton Main Rd","Eucalyptus albens"
"J296","Eucalyptus melliodora",-30.65167,150.87812,"Namoi River, Dunmore Rd","Eucalyptus melliodora"
"J297","Eucalyptus melliodora",-30.6519,150.87828,"Namoi River, Dunmore Rd","Eucalyptus melliodora"
"J298","Eucalyptus sideroxylon",-30.15277,151.07437,"Bundarra, Thunderbolts Way","Eucalyptus sideroxylon"
"J299","DISCARDED",NA,NA,NA,"DISCARDED"
"J300","Eucalyptus sideroxylon",-29.80812,150.91918,"Gum Flat, Copeton Dam Rd","Eucalyptus sideroxylon"
"J301","Eucalyptus sideroxylon",-29.80812,150.91918,"Gum Flat, Copeton Dam Rd","Eucalyptus sideroxylon"
"J302","Eucalyptus albens",-30.14391,150.05293,"Sawn Rocks, Kilarney Gap Rd","Eucalyptus albens"
"J303","Eucalyptus albens",-30.14391,150.05293,"Sawn Rocks, Kilarney Gap Rd","Eucalyptus albens"
"J304","Eucalyptus albens",-30.14391,150.05293,"Sawn Rocks, Kilarney Gap Rd","Eucalyptus albens"
"J305","Eucalyptus pilligaensis",-30.13395,149.48317,"Narrabri, Newell Hwy","Eucalyptus pilligaensis"
"J306","?",-30.13395,149.48317,"Narrabri, Newell Hwy",""
"J307","Eucalyptus crebra ?",-30.22665,149.8094,"Narrabri, Newell Hwy","Eucalyptus crebra"
"J308","Eucalyptus populnea",-30.22025,149.83597,"Narrabri, Killarney Forest","Eucalyptus populnea"
"J309","?",-30.22025,149.83597,"Narrabri, Killarney Forest",""
"J310","Eucalyptus populnea",-30.22025,149.83597,"Narrabri, Killarney Forest","Eucalyptus populnea"
"J311","Eucalyptus fibrosa ?",-30.60224,149.58173,"Pilliga, Newell Hwy","Eucalyptus fibrosa"
"J312","Eucalyptus sideroxylon",-30.60224,149.58173,"Pilliga, Newell Hwy","Eucalyptus sideroxylon"
"J313","Eucalyptus fibrosa",-30.60224,149.58173,"Pilliga, Newell Hwy","Eucalyptus fibrosa"
"J314","Eucalyptus fibrosa",-30.92855,149.36347,"Pilliga, no 1 break rd","Eucalyptus fibrosa"
"J315","Eucalyptus fibrosa",-30.92855,149.36347,"Pilliga, no 1 break rd","Eucalyptus fibrosa"
"J316","Eucalyptus crebra",-30.92855,149.36347,"Pilliga, no 1 break rd","Eucalyptus crebra"
"J317","Eucalyptus crebra",-30.14459,150.0534,"Sawn Rocks, parking lot","Eucalyptus crebra"
"J318","Eucalyptus melliodora",-31.37365,151.13779,"Chaffey Dam, Tamworth Nundle Rd","Eucalyptus melliodora"
"J319","Eucalyptus melliodora",-31.55948,151.05664,"Nundle, Crawney Rd","Eucalyptus melliodora"
"J320","Eucalyptus moluccana",-31.72257,151.10243,"Timor, Crawney Rd","Eucalyptus moluccana"
"J321","Eucalyptus crebra",-32.75326,151.25224,"Polkobin, Broke Rd","Eucalyptus crebra"
"J322","Eucalyptus fibrosa",-32.75342,151.25269,"Polkobin, Broke Rd","Eucalyptus fibrosa"
"J323","Eucalyptus largiflorens (?)",-32.40498,150.36256,"Wollomi NP, Bylong Valley Way","Eucalyptus largiflorens"
"J324","Eucalyptus conica",-32.44442,150.2812,"Wollomi NP, Bylong Valley Way","Eucalyptus conica"
"J325","Eucalyptus baueriana",-32.49536,150.90842,"Jerrys Plains, Golden Hwy","Eucalyptus baueriana"
"J326","Eucalyptus moluccana",-28.21744,152.84309,"Rathdowney, Boonah Rathdowney Rd","Eucalyptus moluccana"
"J327","Eucalyptus crebra",-28.45172,152.3925,"Koreelah, Tooloom Rd","Eucalyptus crebra"
"J328","Eucalyptus moluccana",-28.43038,152.35915,"Legume, Mt Lindsay Rd","Eucalyptus moluccana"
"J329","Eucalyptus conica",-28.41028,152.29292,"Legume, Mt Lindsay Rd","Eucalyptus conica"
"J330","Eucalyptus fibrosa",-28.19138,151.61853,"Karara, Cunningham Hwy","Eucalyptus fibrosa"
"J331","Eucalyptus crebra",-28.29549,151.48801,"Gore, Cunningham Hwy","Eucalyptus crebra"
"J332","Eucalyptus sp (microcarpa?)",-28.29549,151.48801,"Gore, Cunningham Hwy","Eucalyptus sp"
"J333","Eucalyptus caleyi",-28.52431,151.10556,"Inglewood, Inglewood Texas Rd","Eucalyptus caleyi"
"J334","Eucalyptus moluccana (?)",-28.53696,151.10815,"Inglewood, Inglewood Texas Rd","Eucalyptus moluccana"
"J335","Eucalyptus microcarpa",-28.89198,151.14803,"Texas, Texas Bridge Road","Eucalyptus microcarpa"
"J336","Eucalyptus conica",-29.10132,151.77156,"Mole Creek, Mole Station rd","Eucalyptus conica"
"J337","DISCARDED",NA,NA,NA,"DISCARDED"
"J338","Eucalyptus conica",-29.15425,152.00211,"Tenterfield, Bluff rock lookout","Eucalyptus conica"
"J339","Eucalyptus moluccana",-29.45636,151.55505,"Emmaville, Strathbogie Rd","Eucalyptus moluccana"
"J340","Eucalyptus melliodora",-29.45577,151.55405,"Emmaville, Strathbogie Rd","Eucalyptus melliodora"
"J341","Eucalyptus albens",-29.40223,151.41655,"Yellow Dam, Emmaville Rd","Eucalyptus albens"
"J342","Eucalyptus sideroxylon",-29.39087,151.39279,"Yellow Dam, Emmaville Rd","Eucalyptus sideroxylon"
"J343","Eucalyptus crebra",-29.35816,151.30991,"Yellow Dam, Emmaville Rd","Eucalyptus crebra"
"J344","Eucalyptus polyanthemos",-35.33962,148.91113,"Pierces Creek State Forest, Vanitys Crossing","Eucalyptus polyanthemos"
"J345","Eucalyptus albens",-35.07022,148.83685,"Mullion, Mountain Creek Rd.","Eucalyptus albens"
"J346","Eucalyptus melliodora",-35.06954,148.83661,"Mullion, Mountain Creek Rd.","Eucalyptus melliodora"
"J347","Eucalyptus polyanthemos",-35.09381,148.74881,"Wee Jasper, Doctors Flat Rd.","Eucalyptus polyanthemos"
"J348","Eucalyptus polyanthemos",-35.24184,148.29729,"Wee Jasper, Wee Jasper Rd.","Eucalyptus polyanthemos"
"J349","Eucalyptus albens",-35.24369,148.2968,"Wee Jasper, Wee Jasper Rd.","Eucalyptus albens"
"J350","Eucalyptus albens",-35.2456,147.68083,"Tarcutta, Mates Gully Rd.","Eucalyptus albens"
"J351","Eucalyptus polyanthemos (juv micro?)",-35.25609,147.68506,"Tarcutta, Mates Gully Rd.","Eucalyptus polyanthemos"
"J352","Eucalyptus sideroxylon",-35.25665,147.68486,"Tarcutta, Mates Gully Rd.","Eucalyptus sideroxylon"
"J353","Eucalyptus polyanthemos",-35.8453,147.19722,"Blue Metal Rest Area, M31","Eucalyptus polyanthemos"
"J354","Eucalyptus moluccana",-35.84469,147.19794,"Blue Metal Rest Area, M31","Eucalyptus moluccana"
"J355","Eucalyptus sideroxylon",-36.09264,146.61917,"Chiltern, Chiltern-Howlong Rd.","Eucalyptus sideroxylon"
"J355b","Hybrid? Sider x micro",-36.08961,146.62105,"Chiltern, Chiltern-Howlong Rd.","Hybrid? Sider x micro"
"J356","Eucalyptus microcarpa (?)",-36.09272,146.61929,"Chiltern, Chiltern-Howlong Rd.","Eucalyptus microcarpa"
"J357","Eucalyptus melliodora",-36.019,146.29446,"Collendina State Forest, Spring Dr.","Eucalyptus melliodora"
"J358","Eucalyptus melliodora",-35.38973,146.35303,"Urana, Walbundrie Rd.","Eucalyptus melliodora"
"J359","Eucalyptus sideroxylon",-34.47594,147.40941,"Ingalba Nature Reserve, Hwy 94","Eucalyptus sideroxylon"
"J360","Eucalyptus conica",-34.01205,148.12904,"Orange, Old Forbes Rd.","Eucalyptus conica"
"J361","Eucalyptus albens",-33.42118,148.51154,"Nangar Natl Park, Dripping Rock Rd.","Eucalyptus albens"
"J362","Eucalyptus sideroxylon",-33.42108,148.51126,"Nangar Natl Park, Dripping Rock Rd.","Eucalyptus sideroxylon"
"J363","Eucalyptus microcarpa",-33.41328,148.22136,"Eugowra, Escort Way","Eucalyptus microcarpa"
"J364","Eucalyptus conica",-33.41328,148.22136,"Eugowra, Escort Way","Eucalyptus conica"
"J365","Eucalyptus melliodora",-33.31832,148.97163,"Glenwood State Forest, Cargo Rd.","Eucalyptus melliodora"
"J366","Eucalyptus fibrosa",-33.12436,150.01617,"Gardens of Stone Natl Park, Glen Davis Rd.","Eucalyptus fibrosa"
"J367","Eucalyptus sideroxylon",-30.5285,151.15897,"Uralla-Kingstown Rd, Kingstown","Eucalyptus sideroxylon"
"J367G","Eucalyptus sideroxylon",-30.5285,151.15897,"Uralla-Kingstown Rd, Kingstown","Eucalyptus sideroxylon"
"J367I","Hybrid? Sider x moluc",-30.52474,151.15401,"Uralla-Kingstown Rd, Kingstown","Hybrid? Sider x moluc"
"J368","Eucalyptus caleyi",-30.57301,151.09172,"Kingstwon-Retreat Rd, Kingstown","Eucalyptus caleyi"
"J369","Eucalyptus caleyi",-30.07144,151.09796,"Thunderbolts Way, Bundarra","Eucalyptus caleyi"
"J369A","Eucalyptus caleyi",-30.07144,151.09796,"Thunderbolts Way, Bundarra","Eucalyptus caleyi"
"J370","Eucalyptus fibrosa",-32.62925,151.87758,"Bucketts Way, Stroud Road","Eucalyptus fibrosa"
"J371","Eucalyptus fibrosa",-32.23292,151.93147,"Bucketts Way, Wards River","Eucalyptus fibrosa"
"NAL05","Eucalyptus microcarpa",-32.3742,147.4871,"Melrose-Trangie Rd, Albert Murrumbidgee NP","Eucalyptus microcarpa"
"NBJ30","Eucalyptus microcarpa",-35.05268,147.0439,"Berry Jerry State Forest","Eucalyptus microcarpa"
"NCD30","Eucalyptus microcarpa",-32.89835,147.05836,"Condobolin","Eucalyptus microcarpa"
"NCR13","Eucalyptus microcarpa",-34.08362,148.51941,"Crowther","Eucalyptus microcarpa"
"NCR37","Eucalyptus microcarpa",-34.08949,148.51412,"Crowther","Eucalyptus microcarpa"
"NDU10","Eucalyptus microcarpa",-32.32624,148.51287,"Dubbo","Eucalyptus microcarpa"
"FDK01","Eucalyptus microcarpa",-36.32987,145.70606,"Dookie (private property)","Eucalyptus microcarpa"
"FDK10","Eucalyptus microcarpa",-36.33119,145.70688,"Dookie (private property)","Eucalyptus microcarpa"
"FDK20","Eucalyptus microcarpa",-36.33002,145.70534,"Dookie (private property)","Eucalyptus microcarpa"
"FHH02","Eucalyptus microcarpa",-36.80271,144.00268,"Marong (private property)","Eucalyptus microcarpa"
"VMA01","Eucalyptus microcarpa",-36.77474,141.81787,"Mt Arapiles State Park","Eucalyptus microcarpa"
"VMA18","Eucalyptus microcarpa",-36.77474,141.82599,"Mt Arapiles State Park","Eucalyptus microcarpa"
"VMA30","Eucalyptus microcarpa",-36.77254,141.82553,"Mt Arapiles State Park","Eucalyptus microcarpa"
"VWG14","Eucalyptus microcarpa",-37.67129,144.36256,"Werribee Gorge State Park","Eucalyptus microcarpa"
"RA1006","Eucalyptus albens",NA,NA,"Bundarra Rd","Eucalyptus albens"
"RA1007","Eucalyptus albens",NA,NA,"Bundarra Rd","Eucalyptus albens"
"J372","Eucalyptus polyanthemos",-37.60536,146.64015,"Licola, Tamboritha Rd","Eucalyptus polyanthemos"
"J373","Eucalyptus melliodora",-37.46662,147.83218,"Doctors Flat","Eucalyptus melliodora"
"J374","Eucalyptus albens",-37.36159,147.85228,"Ensay","Eucalyptus albens"
"J375","Eucalyptus melliodora",-37.40165,148.21443,"Buchan","Eucalyptus melliodora"
"J376","Eucalyptus albens",-37.07782,148.34419,"McKillop Bridge","Eucalyptus albens"
"J377","Eucalyptus albens",-36.96985,148.30525,"Suggan Buggan","Eucalyptus albens"
"J378","Eucalyptus melliodora",-36.88718,148.42012,"Kosciousko NP","Eucalyptus melliodora"
"J379","Eucalyptus polyanthemos (?)",-36.94525,149.4919,"Bombala","Eucalyptus polyanthemos"
"J380","Eucalyptus polyanthemos",-37.11934,149.65784,"Pericoe","Eucalyptus polyanthemos"
"J381","Eucalyptus polyanthemos",-37.3619,149.66098,"Bruthen","Eucalyptus polyanthemos"
"J382","Eucalyptus albens",-37.21575,147.71677,"Swifts Creek","Eucalyptus albens"
"J383","Eucalyptus polyanthemos (?)",-36.31995,146.84286,"Yambuck","Eucalyptus polyanthemos"
"J384","Eucalyptus polyanthemos",-36.16765,146.64908,"Chiltern","Eucalyptus polyanthemos"
"J385","Eucalyptus sideroxylon",-36.17434,146.66263,"Chiltern","Eucalyptus sideroxylon"
"J386","Eucalyptus albens",-36.14425,146.65103,"Chiltern","Eucalyptus albens"
"J387","Eucalyptus sideroxylon",-32.24456,146.18248,"Warrangatta","Eucalyptus sideroxylon"
"J388","Eucalyptus albens",-36.26528,146.15425,"Warrangatta","Eucalyptus albens"
"J389","Eucalyptus polyanthemos",-36.60631,145.92644,"Reef Road State Park","Eucalyptus polyanthemos"
"J390","Eucalyptus albens",-36.5877,145.96066,"Reef Road State Park","Eucalyptus albens"
"J391","Eucalyptus melliodora (?)",-37.21685,145.73489,"Alexandra","Eucalyptus melliodora"
"J392","Eucalyptus tricarpa",-37.00641,145.00121,"Puckapanyl","Eucalyptus tricarpa"
"J393","Eucalyptus albens",-36.93458,144.74492,"Heathcote","Eucalyptus albens"
"J394","Eucalyptus albens (?)",-36.84715,144.52614,"Lake Eppalock","Eucalyptus albens"
"J395","Hybrid albens x microcarpa",-36.76884,144.07336,"Powers Rd, Woodstock on Loddon","Hybrid albens x microcarpa"
"J396","Eucalyptus odorata (?)",-36.81995,143.2767,"Teddington Rd, Stuart Mill","Eucalyptus odorata"
"J397","Eucalyptus leucoxylon",-37.28408,141.18732,"Dergholm State Park","Eucalyptus leucoxylon"
"J398","Eucalyptus leucoxylon",-37.22194,142.04807,"Cherrypool, Rockland Reservoir","Eucalyptus leucoxylon"
"J399","Eucalyptus leucoxylon",-37.1632,144.08661,"Castlemaine","Eucalyptus leucoxylon"
"TLC720","Eucalyptus conica",-29.06569,151.98833,"Tenterfield","Eucalyptus conica"
"TLC726","Eucalyptus conica",-30.28358,151.19619,"Abington","Eucalyptus conica"
"TLC775","Eucalyptus conica",-28.39502,151.31197,"Inglewood","Eucalyptus conica"
"TLC725","Eucalyptus conica",-29.60563,151.86797,"Dundee","Eucalyptus conica"
"TLC715","Eucalyptus conica",-28.68758,151.96238,"Storm King","Eucalyptus conica"
"J400","Eucalyptus moluccana",-30.44375,151.25961,"Torreyburn Rd, Yarrowyck","Eucalyptus moluccana"
"J401","Eucalyptus sideroxylon",-30.44023,151.25069,"Torreyburn Rd, Yarrowyck","Eucalyptus sideroxylon"
"J401F","Eucalyptus sideroxylon",-30.44089,151.25194,"Torreyburn Rd, Yarrowyck","Eucalyptus sideroxylon"
"J402","Eucalyptus caleyi",-30.04322,150.94122,"Bundarra Rd, Copeton","Eucalyptus caleyi"
"J403","Eucalyptus caleyi",-29.92441,150.93559,"Copeton Dam Rd","Eucalyptus caleyi"
"J404","Eucalyptus caleyi",-29.98952,150.85857,"Copeton Dam Rd","Eucalyptus caleyi"
"J405","Eucalyptus sideroxylon",-30.22862,151.23865,"Baldersleigh Rd","Eucalyptus sideroxylon"
"J406","Eucalyptus albens",-30.23707,151.252,"Baldersleigh Rd, The Basin","Eucalyptus albens"
"J407","Eucalyptus fibrosa",-30.05045,152.63814,"Nymboidea","Eucalyptus fibrosa"
"J408","Eucalptus crebra",-29.92432,152.75188,"Nymboidea","Eucalyptus crebra"
"J409","Eucalyptus fibrosa",-29.92485,152.75122,"Nymboidea","Eucalyptus fibrosa"
"J410","Eucalyptus crebra",-29.69687,152.10593,"Old Grafton Rd, Gibraltar","Eucalyptus crebra"
"J411","Eucalyptus fibrosa",-29.69674,152.10576,"Old Grafton Rd, Gibraltar","Eucalyptus fibrosa"
"J412","Eucalyptus moluccana",-30.96459,150.84267,"Appleby Rd, Moonbi","Eucalyptus moluccana"
"J413","Eucalyptus albens",-30.70737,150.09621,"Boggabri - private land","Eucalyptus albens"
"J414","Eucalyptus albens",-30.49283,149.94203,"Narrabri","Eucalyptus albens"
"J415","Eucalyptus crebra",-30.24,149.88559,"Killarney Forest, Narrabri","Eucalyptus crebra"
"J416","Eucalyptus sideroxylon",-30.32322,149.26971,"Weewaa","Eucalyptus sideroxylon"
"J417","Eucalyptus crebra",-30.32377,149.26567,"Weewaa","Eucalyptus crebra"
"J418","Eucalyptus sideroxylon",-31.05012,149.23013,"The Pilliga","Eucalyptus sideroxylon"
"J419","Eucalyptus albens",-31.35926,148.93951,"Warrumbungle","Eucalyptus albens"
"J420","Eucalyptus moluccana",-31.35926,148.93951,"Warrumbungle","Eucalyptus moluccana"
"J421","Eucalyptus sideroxylon",-32.36597,148.23103,"Narromine","Eucalyptus sideroxylon"
"J422","Eucalyptus sideroxylon",-32.22311,148.66797,"Dubbo","Eucalyptus sideroxylon"
"J423","Eucalyptus moluccana",-31.82373,149.68475,"Coolah","Eucalyptus moluccana"
"J424","Eucalyptus albens",-31.71111,150.6998,"Ardglen","Eucalyptus albens"
"J425","Eucalyptus sideroxylon",-30.30756,151.20671,"Bundarra","Eucalyptus sideroxylon"
"J426","Eucalyptus albens",-30.30846,151.20667,"Bundarra","Eucalyptus albens"
"J427","Eucalyptus caleyi",-30.36709,151.25757,"Bundarra","Eucalyptus caleyi"
"J428","Eucalyptus albens",-29.6731,151.15315,"Inverell","Eucalyptus albens"
"J429","Eucalyptus albens",-28.77243,151.21523,"Texas","Eucalyptus albens"
"J430","Eucalyptus sideroxylon",-28.56925,151.07571,"Inglewood","Eucalyptus sideroxylon"
"J431","Eucalyptus crebra",-28.56955,151.07539,"Inglewood","Eucalyptus crebra"
"J432","Eucalyptus fibrosa",-28.18033,151.66934,"Glendon","Eucalyptus fibrosa"
"J433","Eucalyptus sideroxylon",-28.17577,151.6577,"Glendon","Eucalyptus sideroxylon"
"J434","Eucalyptus sideroxylon",-27.7547,152.1189,"Allora","Eucalyptus sideroxylon"
"J435","Eucalyptus sideroxylon",-26.36944,151.88103,"Wondai","Eucalyptus sideroxylon"
"J436","Eucalyptus albens (?)",-27.18896,151.73259,"Kulpi","Eucalyptus albens"
"NE10467","Eucalyptus porosa",NA,NA,"Lake  Eyre","Eucalyptus porosa"
"NE25953","Eucalyptus porosa",NA,NA,"Eyre Peninsula","Eucalyptus porosa"
"NE35959","Eucalyptus porosa",NA,NA,"Murray","Eucalyptus porosa"
"NE35955","Eucalyptus porosa",NA,NA,"Coonalpyn","Eucalyptus porosa"
"NE37169","Eucalyptus odorata",NA,NA,"Alligator Creek","Eucalyptus odorata"
"NE67754","Eucalyptus odorata",NA,NA,"Sandland Road","Eucalyptus odorata"
"NE36811","Eucalyptus odorata",NA,NA,"Hall Creek Road","Eucalyptus odorata"
"NE4583","Eucalpyptus woollsiana",NA,NA,"Gilgandra","Eucalyptus woollsiana"
"NE25923","Eucalpyptus woollsiana",NA,NA,"Maranoa","Eucalyptus woollsiana"
"NE37647","Eucalpyptus woollsiana",NA,NA,"Narrabri","Eucalyptus woollsiana"
"NE90535","Eucalpyptus woollsiana",NA,NA,"Inglewood","Eucalyptus woollsiana"
"J351 area - Recollect","Eucalyptus polyanthemos (juv micro?)",-35.25609,147.68506,"Tarcutta, Mates Gully Rd.","Eucalyptus polyanthemos"
"J350 - Recollect","Eucalyptus albens",-35.2456,147.68083,"Tarcutta, Mates Gully Rd.","Eucalyptus albens"
"J348 - Recollect","Eucalyptus polyanthemos",-35.24184,148.29729,"Wee Jasper, Wee Jasper Rd.","Eucalyptus polyanthemos"
"J342 - Recollect","Eucalyptus sideroxylon",-29.39087,151.39279,"Yellow Dam, Emmaville Rd","Eucalyptus sideroxylon"
"J364 - Recollect","Eucalyptus conica",-33.41328,148.22136,"Eugowra, Escort Way","Eucalyptus conica"
"J339 - Recollect","Eucalyptus moluccana",-29.45636,151.55505,"Emmaville, Strathbogie Rd","Eucalyptus moluccana"
"J355 - Recollect","Eucalyptus sideroxylon",-36.09264,146.61917,"Chiltern, Chiltern-Howlong Rd.","Eucalyptus sideroxylon"
"J345 - Recollect","Eucalyptus albens",-35.07022,148.83685,"Mullion, Mountain Creek Rd.","Eucalyptus albens"
"J340 - Recollect","Eucalyptus melliodora",-29.45577,151.55405,"Emmaville, Strathbogie Rd","Eucalyptus melliodora"
"J357 - Recollect","Eucalyptus melliodora",-36.019,146.29446,"Collendina State Forest, Spring Dr.","Eucalyptus melliodora"
"J346 - Recollect","Eucalyptus melliodora",-35.06954,148.83661,"Mullion, Mountain Creek Rd.","Eucalyptus melliodora"
"J300 Area - Recollect","Eucalyptus sideroxylon",-29.80812,150.91918,"Gum Flat, Copeton Dam Rd","Eucalyptus sideroxylon"
"J298 - Recollect","Eucalyptus sideroxylon",-30.15277,151.07437,"Bundarra, Thunderbolts Way","Eucalyptus sideroxylon"
"J437","Eucalyptus sideroxylon x melliodora (?)",-30.27552,151.18698,"Bundarra, Thunderbolts Way","Eucalyptus sideroxylon x melliodora"
"J438","Eucalyptus sideroxylon x melliodora (?)",-30.27563,151.18764,"Bundarra, Thunderbolts Way","Eucalyptus sideroxylon x melliodora"
"J332 - Recollect","Eucalyptus sp (microcarpa?)",-28.29549,151.48801,"Gore, Cunningham Hwy","Eucalyptus sp"
"J326 - Recollect","Eucalyptus moluccana",-28.21744,152.84309,"Rathdowney, Boonah Rathdowney Rd","Eucalyptus moluccana"
